{
  "project_info": {
    "project_number": "738920949364",
    "project_id": "ariellanguageidproject",
    "storage_bucket": "ariellanguageidproject.appspot.com"
  },
  "client": [
    {
      "client_info": {
        "mobilesdk_app_id": "1:738920949364:android:68e1423ebbba2be2eb5321",
        "android_client_info": {
          "package_name": "com.example.languageidproject"
        }
      },
      "oauth_client": [
        {
          "client_id": "738920949364-5drlm6nrpujr5lh719st9ativham4if3.apps.googleusercontent.com",
          "client_type": 3
        }
      ],
      "api_key": [
        {
          "current_key": "AIzaSyBN85jJ2q_krrfe2tX0BHh1laSYzr9zbi8"
        }
      ],
      "services": {
        "appinvite_service": {
          "other_platform_oauth_client": [
            {
              "client_id": "738920949364-5drlm6nrpujr5lh719st9ativham4if3.apps.googleusercontent.com",
              "client_type": 3
            }
          ]
        }
      }
    }
  ],
  "configuration_version": "1"
}