{
  "project_info": {
    "project_number": "422509258123",
    "project_id": "arieluserandrecycllerproject",
    "storage_bucket": "arieluserandrecycllerproject.appspot.com"
  },
  "client": [
    {
      "client_info": {
        "mobilesdk_app_id": "1:422509258123:android:762324befda3aee0f77b8e",
        "android_client_info": {
          "package_name": "com.journaldev.recyclerviewcardview"
        }
      },
      "oauth_client": [
        {
          "client_id": "422509258123-emtpm5rc4i525qpbfrs4lg5atbi57g0g.apps.googleusercontent.com",
          "client_type": 3
        }
      ],
      "api_key": [
        {
          "current_key": "AIzaSyAyBu9ohgt3UcHuaaEHVy7buMAIEznmRdg"
        }
      ],
      "services": {
        "appinvite_service": {
          "other_platform_oauth_client": [
            {
              "client_id": "422509258123-emtpm5rc4i525qpbfrs4lg5atbi57g0g.apps.googleusercontent.com",
              "client_type": 3
            }
          ]
        }
      }
    }
  ],
  "configuration_version": "1"
}